Stops,RouteId,RouteVarId
Stops,RouteId,RouteVarId
Stops,RouteId,RouteVarId
Stops,RouteId,RouteVarId
Stops,RouteId,RouteVarId
Stops,RouteId,RouteVarId
Stops,RouteId,RouteVarId
Stops,RouteId,RouteVarId
Stops,RouteId,RouteVarId
Stops,RouteId,RouteVarId
Stops,RouteId,RouteVarId
Stops,RouteId,RouteVarId
Stops,RouteId,RouteVarId
Stops,RouteId,RouteVarId
Stops,RouteId,RouteVarId
Stops,RouteId,RouteVarId
Stops,RouteId,RouteVarId
Stops,RouteId,RouteVarId
Stops,RouteId,RouteVarId
Stops,RouteId,RouteVarId
Stops,RouteId,RouteVarId
Stops,RouteId,RouteVarId
Stops,RouteId,RouteVarId
Stops,RouteId,RouteVarId
Stops,RouteId,RouteVarId
Stops,RouteId,RouteVarId
Stops,RouteId,RouteVarId
Stops,RouteId,RouteVarId
Stops,RouteId,RouteVarId
Stops,RouteId,RouteVarId
Stops,RouteId,RouteVarId
Stops,RouteId,RouteVarId
Stops,RouteId,RouteVarId
Stops,RouteId,RouteVarId
Stops,RouteId,RouteVarId
Stops,RouteId,RouteVarId
Stops,RouteId,RouteVarId
Stops,RouteId,RouteVarId
Stops,RouteId,RouteVarId
Stops,RouteId,RouteVarId
Stops,RouteId,RouteVarId
Stops,RouteId,RouteVarId
Stops,RouteId,RouteVarId
Stops,RouteId,RouteVarId
Stops,RouteId,RouteVarId
Stops,RouteId,RouteVarId
Stops,RouteId,RouteVarId
Stops,RouteId,RouteVarId
Stops,RouteId,RouteVarId
Stops,RouteId,RouteVarId
Stops,RouteId,RouteVarId
Stops,RouteId,RouteVarId
Stops,RouteId,RouteVarId
Stops,RouteId,RouteVarId
Stops,RouteId,RouteVarId
Stops,RouteId,RouteVarId
Stops,RouteId,RouteVarId
Stops,RouteId,RouteVarId
Stops,RouteId,RouteVarId
Stops,RouteId,RouteVarId
Stops,RouteId,RouteVarId
Stops,RouteId,RouteVarId
Stops,RouteId,RouteVarId
Stops,RouteId,RouteVarId
Stops,RouteId,RouteVarId
Stops,RouteId,RouteVarId
Stops,RouteId,RouteVarId
Stops,RouteId,RouteVarId
Stops,RouteId,RouteVarId
Stops,RouteId,RouteVarId
Stops,RouteId,RouteVarId
Stops,RouteId,RouteVarId
Stops,RouteId,RouteVarId
Stops,RouteId,RouteVarId
Stops,RouteId,RouteVarId
Stops,RouteId,RouteVarId
Stops,RouteId,RouteVarId
Stops,RouteId,RouteVarId
Stops,RouteId,RouteVarId
Stops,RouteId,RouteVarId
Stops,RouteId,RouteVarId
Stops,RouteId,RouteVarId
Stops,RouteId,RouteVarId
Stops,RouteId,RouteVarId
Stops,RouteId,RouteVarId
Stops,RouteId,RouteVarId
Stops,RouteId,RouteVarId
Stops,RouteId,RouteVarId
Stops,RouteId,RouteVarId
Stops,RouteId,RouteVarId
Stops,RouteId,RouteVarId
Stops,RouteId,RouteVarId
Stops,RouteId,RouteVarId
Stops,RouteId,RouteVarId
Stops,RouteId,RouteVarId
Stops,RouteId,RouteVarId
Stops,RouteId,RouteVarId
Stops,RouteId,RouteVarId
Stops,RouteId,RouteVarId
Stops,RouteId,RouteVarId
Stops,RouteId,RouteVarId
Stops,RouteId,RouteVarId
Stops,RouteId,RouteVarId
Stops,RouteId,RouteVarId
Stops,RouteId,RouteVarId
Stops,RouteId,RouteVarId
Stops,RouteId,RouteVarId
Stops,RouteId,RouteVarId
Stops,RouteId,RouteVarId
Stops,RouteId,RouteVarId
Stops,RouteId,RouteVarId
Stops,RouteId,RouteVarId
Stops,RouteId,RouteVarId
Stops,RouteId,RouteVarId
Stops,RouteId,RouteVarId
Stops,RouteId,RouteVarId
Stops,RouteId,RouteVarId
Stops,RouteId,RouteVarId
Stops,RouteId,RouteVarId
Stops,RouteId,RouteVarId
Stops,RouteId,RouteVarId
Stops,RouteId,RouteVarId
Stops,RouteId,RouteVarId
Stops,RouteId,RouteVarId
Stops,RouteId,RouteVarId
Stops,RouteId,RouteVarId
Stops,RouteId,RouteVarId
Stops,RouteId,RouteVarId
Stops,RouteId,RouteVarId
Stops,RouteId,RouteVarId
Stops,RouteId,RouteVarId
Stops,RouteId,RouteVarId
Stops,RouteId,RouteVarId
Stops,RouteId,RouteVarId
Stops,RouteId,RouteVarId
Stops,RouteId,RouteVarId
Stops,RouteId,RouteVarId
Stops,RouteId,RouteVarId
Stops,RouteId,RouteVarId
Stops,RouteId,RouteVarId
Stops,RouteId,RouteVarId
Stops,RouteId,RouteVarId
Stops,RouteId,RouteVarId
Stops,RouteId,RouteVarId
Stops,RouteId,RouteVarId
Stops,RouteId,RouteVarId
Stops,RouteId,RouteVarId
Stops,RouteId,RouteVarId
Stops,RouteId,RouteVarId
Stops,RouteId,RouteVarId
Stops,RouteId,RouteVarId
Stops,RouteId,RouteVarId
Stops,RouteId,RouteVarId
Stops,RouteId,RouteVarId
Stops,RouteId,RouteVarId
Stops,RouteId,RouteVarId
Stops,RouteId,RouteVarId
Stops,RouteId,RouteVarId
Stops,RouteId,RouteVarId
Stops,RouteId,RouteVarId
Stops,RouteId,RouteVarId
Stops,RouteId,RouteVarId
Stops,RouteId,RouteVarId
Stops,RouteId,RouteVarId
Stops,RouteId,RouteVarId
Stops,RouteId,RouteVarId
Stops,RouteId,RouteVarId
Stops,RouteId,RouteVarId
Stops,RouteId,RouteVarId
Stops,RouteId,RouteVarId
Stops,RouteId,RouteVarId
Stops,RouteId,RouteVarId
Stops,RouteId,RouteVarId
Stops,RouteId,RouteVarId
Stops,RouteId,RouteVarId
Stops,RouteId,RouteVarId
Stops,RouteId,RouteVarId
Stops,RouteId,RouteVarId
Stops,RouteId,RouteVarId
Stops,RouteId,RouteVarId
Stops,RouteId,RouteVarId
Stops,RouteId,RouteVarId
Stops,RouteId,RouteVarId
Stops,RouteId,RouteVarId
Stops,RouteId,RouteVarId
Stops,RouteId,RouteVarId
Stops,RouteId,RouteVarId
Stops,RouteId,RouteVarId
Stops,RouteId,RouteVarId
Stops,RouteId,RouteVarId
Stops,RouteId,RouteVarId
Stops,RouteId,RouteVarId
Stops,RouteId,RouteVarId
Stops,RouteId,RouteVarId
Stops,RouteId,RouteVarId
Stops,RouteId,RouteVarId
Stops,RouteId,RouteVarId
Stops,RouteId,RouteVarId
Stops,RouteId,RouteVarId
Stops,RouteId,RouteVarId
Stops,RouteId,RouteVarId
Stops,RouteId,RouteVarId
Stops,RouteId,RouteVarId
Stops,RouteId,RouteVarId
Stops,RouteId,RouteVarId
Stops,RouteId,RouteVarId
Stops,RouteId,RouteVarId
Stops,RouteId,RouteVarId
Stops,RouteId,RouteVarId
Stops,RouteId,RouteVarId
Stops,RouteId,RouteVarId
Stops,RouteId,RouteVarId
Stops,RouteId,RouteVarId
Stops,RouteId,RouteVarId
Stops,RouteId,RouteVarId
Stops,RouteId,RouteVarId
Stops,RouteId,RouteVarId
Stops,RouteId,RouteVarId
Stops,RouteId,RouteVarId
Stops,RouteId,RouteVarId
Stops,RouteId,RouteVarId
Stops,RouteId,RouteVarId
Stops,RouteId,RouteVarId
Stops,RouteId,RouteVarId
Stops,RouteId,RouteVarId
Stops,RouteId,RouteVarId
Stops,RouteId,RouteVarId
Stops,RouteId,RouteVarId
Stops,RouteId,RouteVarId
Stops,RouteId,RouteVarId
Stops,RouteId,RouteVarId
Stops,RouteId,RouteVarId
Stops,RouteId,RouteVarId
Stops,RouteId,RouteVarId
Stops,RouteId,RouteVarId
Stops,RouteId,RouteVarId
Stops,RouteId,RouteVarId
Stops,RouteId,RouteVarId
Stops,RouteId,RouteVarId
Stops,RouteId,RouteVarId
Stops,RouteId,RouteVarId
Stops,RouteId,RouteVarId
Stops,RouteId,RouteVarId
Stops,RouteId,RouteVarId
Stops,RouteId,RouteVarId
Stops,RouteId,RouteVarId
Stops,RouteId,RouteVarId
Stops,RouteId,RouteVarId
Stops,RouteId,RouteVarId
Stops,RouteId,RouteVarId
Stops,RouteId,RouteVarId
Stops,RouteId,RouteVarId
Stops,RouteId,RouteVarId
Stops,RouteId,RouteVarId
Stops,RouteId,RouteVarId
Stops,RouteId,RouteVarId
Stops,RouteId,RouteVarId
Stops,RouteId,RouteVarId
Stops,RouteId,RouteVarId
Stops,RouteId,RouteVarId
Stops,RouteId,RouteVarId
Stops,RouteId,RouteVarId
Stops,RouteId,RouteVarId
Stops,RouteId,RouteVarId
Stops,RouteId,RouteVarId
Stops,RouteId,RouteVarId
Stops,RouteId,RouteVarId
Stops,RouteId,RouteVarId
Stops,RouteId,RouteVarId
Stops,RouteId,RouteVarId
Stops,RouteId,RouteVarId
Stops,RouteId,RouteVarId
Stops,RouteId,RouteVarId
Stops,RouteId,RouteVarId
Stops,RouteId,RouteVarId
Stops,RouteId,RouteVarId
Stops,RouteId,RouteVarId
Stops,RouteId,RouteVarId
Stops,RouteId,RouteVarId
Stops,RouteId,RouteVarId
Stops,RouteId,RouteVarId
Stops,RouteId,RouteVarId
Stops,RouteId,RouteVarId
Stops,RouteId,RouteVarId
Stops,RouteId,RouteVarId
Stops,RouteId,RouteVarId
Stops,RouteId,RouteVarId
Stops,RouteId,RouteVarId
Stops,RouteId,RouteVarId
Stops,RouteId,RouteVarId
Stops,RouteId,RouteVarId
Stops,RouteId,RouteVarId
Stops,RouteId,RouteVarId
Stops,RouteId,RouteVarId
Stops,RouteId,RouteVarId
Stops,RouteId,RouteVarId
Stops,RouteId,RouteVarId
