RouteId,RouteVarId,RouteVarName,RouteVarShortName,RouteNo,StartStop,EndStop,Distance,Outbound,RunningTime
RouteId,RouteVarId,RouteVarName,RouteVarShortName,RouteNo,StartStop,EndStop,Distance,Outbound,RunningTime
RouteId,RouteVarId,RouteVarName,RouteVarShortName,RouteNo,StartStop,EndStop,Distance,Outbound,RunningTime
RouteId,RouteVarId,RouteVarName,RouteVarShortName,RouteNo,StartStop,EndStop,Distance,Outbound,RunningTime
RouteId,RouteVarId,RouteVarName,RouteVarShortName,RouteNo,StartStop,EndStop,Distance,Outbound,RunningTime
RouteId,RouteVarId,RouteVarName,RouteVarShortName,RouteNo,StartStop,EndStop,Distance,Outbound,RunningTime
RouteId,RouteVarId,RouteVarName,RouteVarShortName,RouteNo,StartStop,EndStop,Distance,Outbound,RunningTime
RouteId,RouteVarId,RouteVarName,RouteVarShortName,RouteNo,StartStop,EndStop,Distance,Outbound,RunningTime
RouteId,RouteVarId,RouteVarName,RouteVarShortName,RouteNo,StartStop,EndStop,Distance,Outbound,RunningTime
RouteId,RouteVarId,RouteVarName,RouteVarShortName,RouteNo,StartStop,EndStop,Distance,Outbound,RunningTime
RouteId,RouteVarId,RouteVarName,RouteVarShortName,RouteNo,StartStop,EndStop,Distance,Outbound,RunningTime
RouteId,RouteVarId,RouteVarName,RouteVarShortName,RouteNo,StartStop,EndStop,Distance,Outbound,RunningTime
RouteId,RouteVarId,RouteVarName,RouteVarShortName,RouteNo,StartStop,EndStop,Distance,Outbound,RunningTime
RouteId,RouteVarId,RouteVarName,RouteVarShortName,RouteNo,StartStop,EndStop,Distance,Outbound,RunningTime
RouteId,RouteVarId,RouteVarName,RouteVarShortName,RouteNo,StartStop,EndStop,Distance,Outbound,RunningTime
RouteId,RouteVarId,RouteVarName,RouteVarShortName,RouteNo,StartStop,EndStop,Distance,Outbound,RunningTime
RouteId,RouteVarId,RouteVarName,RouteVarShortName,RouteNo,StartStop,EndStop,Distance,Outbound,RunningTime
RouteId,RouteVarId,RouteVarName,RouteVarShortName,RouteNo,StartStop,EndStop,Distance,Outbound,RunningTime
RouteId,RouteVarId,RouteVarName,RouteVarShortName,RouteNo,StartStop,EndStop,Distance,Outbound,RunningTime
RouteId,RouteVarId,RouteVarName,RouteVarShortName,RouteNo,StartStop,EndStop,Distance,Outbound,RunningTime
RouteId,RouteVarId,RouteVarName,RouteVarShortName,RouteNo,StartStop,EndStop,Distance,Outbound,RunningTime
RouteId,RouteVarId,RouteVarName,RouteVarShortName,RouteNo,StartStop,EndStop,Distance,Outbound,RunningTime
RouteId,RouteVarId,RouteVarName,RouteVarShortName,RouteNo,StartStop,EndStop,Distance,Outbound,RunningTime
RouteId,RouteVarId,RouteVarName,RouteVarShortName,RouteNo,StartStop,EndStop,Distance,Outbound,RunningTime
RouteId,RouteVarId,RouteVarName,RouteVarShortName,RouteNo,StartStop,EndStop,Distance,Outbound,RunningTime
RouteId,RouteVarId,RouteVarName,RouteVarShortName,RouteNo,StartStop,EndStop,Distance,Outbound,RunningTime
RouteId,RouteVarId,RouteVarName,RouteVarShortName,RouteNo,StartStop,EndStop,Distance,Outbound,RunningTime
RouteId,RouteVarId,RouteVarName,RouteVarShortName,RouteNo,StartStop,EndStop,Distance,Outbound,RunningTime
RouteId,RouteVarId,RouteVarName,RouteVarShortName,RouteNo,StartStop,EndStop,Distance,Outbound,RunningTime
RouteId,RouteVarId,RouteVarName,RouteVarShortName,RouteNo,StartStop,EndStop,Distance,Outbound,RunningTime
RouteId,RouteVarId,RouteVarName,RouteVarShortName,RouteNo,StartStop,EndStop,Distance,Outbound,RunningTime
RouteId,RouteVarId,RouteVarName,RouteVarShortName,RouteNo,StartStop,EndStop,Distance,Outbound,RunningTime
RouteId,RouteVarId,RouteVarName,RouteVarShortName,RouteNo,StartStop,EndStop,Distance,Outbound,RunningTime
RouteId,RouteVarId,RouteVarName,RouteVarShortName,RouteNo,StartStop,EndStop,Distance,Outbound,RunningTime
RouteId,RouteVarId,RouteVarName,RouteVarShortName,RouteNo,StartStop,EndStop,Distance,Outbound,RunningTime
RouteId,RouteVarId,RouteVarName,RouteVarShortName,RouteNo,StartStop,EndStop,Distance,Outbound,RunningTime
RouteId,RouteVarId,RouteVarName,RouteVarShortName,RouteNo,StartStop,EndStop,Distance,Outbound,RunningTime
RouteId,RouteVarId,RouteVarName,RouteVarShortName,RouteNo,StartStop,EndStop,Distance,Outbound,RunningTime
RouteId,RouteVarId,RouteVarName,RouteVarShortName,RouteNo,StartStop,EndStop,Distance,Outbound,RunningTime
RouteId,RouteVarId,RouteVarName,RouteVarShortName,RouteNo,StartStop,EndStop,Distance,Outbound,RunningTime
RouteId,RouteVarId,RouteVarName,RouteVarShortName,RouteNo,StartStop,EndStop,Distance,Outbound,RunningTime
RouteId,RouteVarId,RouteVarName,RouteVarShortName,RouteNo,StartStop,EndStop,Distance,Outbound,RunningTime
RouteId,RouteVarId,RouteVarName,RouteVarShortName,RouteNo,StartStop,EndStop,Distance,Outbound,RunningTime
RouteId,RouteVarId,RouteVarName,RouteVarShortName,RouteNo,StartStop,EndStop,Distance,Outbound,RunningTime
RouteId,RouteVarId,RouteVarName,RouteVarShortName,RouteNo,StartStop,EndStop,Distance,Outbound,RunningTime
RouteId,RouteVarId,RouteVarName,RouteVarShortName,RouteNo,StartStop,EndStop,Distance,Outbound,RunningTime
RouteId,RouteVarId,RouteVarName,RouteVarShortName,RouteNo,StartStop,EndStop,Distance,Outbound,RunningTime
RouteId,RouteVarId,RouteVarName,RouteVarShortName,RouteNo,StartStop,EndStop,Distance,Outbound,RunningTime
RouteId,RouteVarId,RouteVarName,RouteVarShortName,RouteNo,StartStop,EndStop,Distance,Outbound,RunningTime
RouteId,RouteVarId,RouteVarName,RouteVarShortName,RouteNo,StartStop,EndStop,Distance,Outbound,RunningTime
RouteId,RouteVarId,RouteVarName,RouteVarShortName,RouteNo,StartStop,EndStop,Distance,Outbound,RunningTime
RouteId,RouteVarId,RouteVarName,RouteVarShortName,RouteNo,StartStop,EndStop,Distance,Outbound,RunningTime
RouteId,RouteVarId,RouteVarName,RouteVarShortName,RouteNo,StartStop,EndStop,Distance,Outbound,RunningTime
RouteId,RouteVarId,RouteVarName,RouteVarShortName,RouteNo,StartStop,EndStop,Distance,Outbound,RunningTime
RouteId,RouteVarId,RouteVarName,RouteVarShortName,RouteNo,StartStop,EndStop,Distance,Outbound,RunningTime
RouteId,RouteVarId,RouteVarName,RouteVarShortName,RouteNo,StartStop,EndStop,Distance,Outbound,RunningTime
RouteId,RouteVarId,RouteVarName,RouteVarShortName,RouteNo,StartStop,EndStop,Distance,Outbound,RunningTime
RouteId,RouteVarId,RouteVarName,RouteVarShortName,RouteNo,StartStop,EndStop,Distance,Outbound,RunningTime
RouteId,RouteVarId,RouteVarName,RouteVarShortName,RouteNo,StartStop,EndStop,Distance,Outbound,RunningTime
RouteId,RouteVarId,RouteVarName,RouteVarShortName,RouteNo,StartStop,EndStop,Distance,Outbound,RunningTime
RouteId,RouteVarId,RouteVarName,RouteVarShortName,RouteNo,StartStop,EndStop,Distance,Outbound,RunningTime
RouteId,RouteVarId,RouteVarName,RouteVarShortName,RouteNo,StartStop,EndStop,Distance,Outbound,RunningTime
RouteId,RouteVarId,RouteVarName,RouteVarShortName,RouteNo,StartStop,EndStop,Distance,Outbound,RunningTime
RouteId,RouteVarId,RouteVarName,RouteVarShortName,RouteNo,StartStop,EndStop,Distance,Outbound,RunningTime
RouteId,RouteVarId,RouteVarName,RouteVarShortName,RouteNo,StartStop,EndStop,Distance,Outbound,RunningTime
RouteId,RouteVarId,RouteVarName,RouteVarShortName,RouteNo,StartStop,EndStop,Distance,Outbound,RunningTime
RouteId,RouteVarId,RouteVarName,RouteVarShortName,RouteNo,StartStop,EndStop,Distance,Outbound,RunningTime
RouteId,RouteVarId,RouteVarName,RouteVarShortName,RouteNo,StartStop,EndStop,Distance,Outbound,RunningTime
RouteId,RouteVarId,RouteVarName,RouteVarShortName,RouteNo,StartStop,EndStop,Distance,Outbound,RunningTime
RouteId,RouteVarId,RouteVarName,RouteVarShortName,RouteNo,StartStop,EndStop,Distance,Outbound,RunningTime
RouteId,RouteVarId,RouteVarName,RouteVarShortName,RouteNo,StartStop,EndStop,Distance,Outbound,RunningTime
RouteId,RouteVarId,RouteVarName,RouteVarShortName,RouteNo,StartStop,EndStop,Distance,Outbound,RunningTime
RouteId,RouteVarId,RouteVarName,RouteVarShortName,RouteNo,StartStop,EndStop,Distance,Outbound,RunningTime
RouteId,RouteVarId,RouteVarName,RouteVarShortName,RouteNo,StartStop,EndStop,Distance,Outbound,RunningTime
RouteId,RouteVarId,RouteVarName,RouteVarShortName,RouteNo,StartStop,EndStop,Distance,Outbound,RunningTime
RouteId,RouteVarId,RouteVarName,RouteVarShortName,RouteNo,StartStop,EndStop,Distance,Outbound,RunningTime
RouteId,RouteVarId,RouteVarName,RouteVarShortName,RouteNo,StartStop,EndStop,Distance,Outbound,RunningTime
RouteId,RouteVarId,RouteVarName,RouteVarShortName,RouteNo,StartStop,EndStop,Distance,Outbound,RunningTime
RouteId,RouteVarId,RouteVarName,RouteVarShortName,RouteNo,StartStop,EndStop,Distance,Outbound,RunningTime
RouteId,RouteVarId,RouteVarName,RouteVarShortName,RouteNo,StartStop,EndStop,Distance,Outbound,RunningTime
RouteId,RouteVarId,RouteVarName,RouteVarShortName,RouteNo,StartStop,EndStop,Distance,Outbound,RunningTime
RouteId,RouteVarId,RouteVarName,RouteVarShortName,RouteNo,StartStop,EndStop,Distance,Outbound,RunningTime
RouteId,RouteVarId,RouteVarName,RouteVarShortName,RouteNo,StartStop,EndStop,Distance,Outbound,RunningTime
RouteId,RouteVarId,RouteVarName,RouteVarShortName,RouteNo,StartStop,EndStop,Distance,Outbound,RunningTime
RouteId,RouteVarId,RouteVarName,RouteVarShortName,RouteNo,StartStop,EndStop,Distance,Outbound,RunningTime
RouteId,RouteVarId,RouteVarName,RouteVarShortName,RouteNo,StartStop,EndStop,Distance,Outbound,RunningTime
RouteId,RouteVarId,RouteVarName,RouteVarShortName,RouteNo,StartStop,EndStop,Distance,Outbound,RunningTime
RouteId,RouteVarId,RouteVarName,RouteVarShortName,RouteNo,StartStop,EndStop,Distance,Outbound,RunningTime
RouteId,RouteVarId,RouteVarName,RouteVarShortName,RouteNo,StartStop,EndStop,Distance,Outbound,RunningTime
RouteId,RouteVarId,RouteVarName,RouteVarShortName,RouteNo,StartStop,EndStop,Distance,Outbound,RunningTime
RouteId,RouteVarId,RouteVarName,RouteVarShortName,RouteNo,StartStop,EndStop,Distance,Outbound,RunningTime
RouteId,RouteVarId,RouteVarName,RouteVarShortName,RouteNo,StartStop,EndStop,Distance,Outbound,RunningTime
RouteId,RouteVarId,RouteVarName,RouteVarShortName,RouteNo,StartStop,EndStop,Distance,Outbound,RunningTime
RouteId,RouteVarId,RouteVarName,RouteVarShortName,RouteNo,StartStop,EndStop,Distance,Outbound,RunningTime
RouteId,RouteVarId,RouteVarName,RouteVarShortName,RouteNo,StartStop,EndStop,Distance,Outbound,RunningTime
RouteId,RouteVarId,RouteVarName,RouteVarShortName,RouteNo,StartStop,EndStop,Distance,Outbound,RunningTime
RouteId,RouteVarId,RouteVarName,RouteVarShortName,RouteNo,StartStop,EndStop,Distance,Outbound,RunningTime
RouteId,RouteVarId,RouteVarName,RouteVarShortName,RouteNo,StartStop,EndStop,Distance,Outbound,RunningTime
RouteId,RouteVarId,RouteVarName,RouteVarShortName,RouteNo,StartStop,EndStop,Distance,Outbound,RunningTime
RouteId,RouteVarId,RouteVarName,RouteVarShortName,RouteNo,StartStop,EndStop,Distance,Outbound,RunningTime
RouteId,RouteVarId,RouteVarName,RouteVarShortName,RouteNo,StartStop,EndStop,Distance,Outbound,RunningTime
RouteId,RouteVarId,RouteVarName,RouteVarShortName,RouteNo,StartStop,EndStop,Distance,Outbound,RunningTime
RouteId,RouteVarId,RouteVarName,RouteVarShortName,RouteNo,StartStop,EndStop,Distance,Outbound,RunningTime
RouteId,RouteVarId,RouteVarName,RouteVarShortName,RouteNo,StartStop,EndStop,Distance,Outbound,RunningTime
RouteId,RouteVarId,RouteVarName,RouteVarShortName,RouteNo,StartStop,EndStop,Distance,Outbound,RunningTime
RouteId,RouteVarId,RouteVarName,RouteVarShortName,RouteNo,StartStop,EndStop,Distance,Outbound,RunningTime
RouteId,RouteVarId,RouteVarName,RouteVarShortName,RouteNo,StartStop,EndStop,Distance,Outbound,RunningTime
RouteId,RouteVarId,RouteVarName,RouteVarShortName,RouteNo,StartStop,EndStop,Distance,Outbound,RunningTime
RouteId,RouteVarId,RouteVarName,RouteVarShortName,RouteNo,StartStop,EndStop,Distance,Outbound,RunningTime
RouteId,RouteVarId,RouteVarName,RouteVarShortName,RouteNo,StartStop,EndStop,Distance,Outbound,RunningTime
RouteId,RouteVarId,RouteVarName,RouteVarShortName,RouteNo,StartStop,EndStop,Distance,Outbound,RunningTime
RouteId,RouteVarId,RouteVarName,RouteVarShortName,RouteNo,StartStop,EndStop,Distance,Outbound,RunningTime
RouteId,RouteVarId,RouteVarName,RouteVarShortName,RouteNo,StartStop,EndStop,Distance,Outbound,RunningTime
RouteId,RouteVarId,RouteVarName,RouteVarShortName,RouteNo,StartStop,EndStop,Distance,Outbound,RunningTime
RouteId,RouteVarId,RouteVarName,RouteVarShortName,RouteNo,StartStop,EndStop,Distance,Outbound,RunningTime
RouteId,RouteVarId,RouteVarName,RouteVarShortName,RouteNo,StartStop,EndStop,Distance,Outbound,RunningTime
RouteId,RouteVarId,RouteVarName,RouteVarShortName,RouteNo,StartStop,EndStop,Distance,Outbound,RunningTime
RouteId,RouteVarId,RouteVarName,RouteVarShortName,RouteNo,StartStop,EndStop,Distance,Outbound,RunningTime
RouteId,RouteVarId,RouteVarName,RouteVarShortName,RouteNo,StartStop,EndStop,Distance,Outbound,RunningTime
RouteId,RouteVarId,RouteVarName,RouteVarShortName,RouteNo,StartStop,EndStop,Distance,Outbound,RunningTime
RouteId,RouteVarId,RouteVarName,RouteVarShortName,RouteNo,StartStop,EndStop,Distance,Outbound,RunningTime
RouteId,RouteVarId,RouteVarName,RouteVarShortName,RouteNo,StartStop,EndStop,Distance,Outbound,RunningTime
RouteId,RouteVarId,RouteVarName,RouteVarShortName,RouteNo,StartStop,EndStop,Distance,Outbound,RunningTime
RouteId,RouteVarId,RouteVarName,RouteVarShortName,RouteNo,StartStop,EndStop,Distance,Outbound,RunningTime
RouteId,RouteVarId,RouteVarName,RouteVarShortName,RouteNo,StartStop,EndStop,Distance,Outbound,RunningTime
RouteId,RouteVarId,RouteVarName,RouteVarShortName,RouteNo,StartStop,EndStop,Distance,Outbound,RunningTime
RouteId,RouteVarId,RouteVarName,RouteVarShortName,RouteNo,StartStop,EndStop,Distance,Outbound,RunningTime
RouteId,RouteVarId,RouteVarName,RouteVarShortName,RouteNo,StartStop,EndStop,Distance,Outbound,RunningTime
RouteId,RouteVarId,RouteVarName,RouteVarShortName,RouteNo,StartStop,EndStop,Distance,Outbound,RunningTime
RouteId,RouteVarId,RouteVarName,RouteVarShortName,RouteNo,StartStop,EndStop,Distance,Outbound,RunningTime
RouteId,RouteVarId,RouteVarName,RouteVarShortName,RouteNo,StartStop,EndStop,Distance,Outbound,RunningTime
RouteId,RouteVarId,RouteVarName,RouteVarShortName,RouteNo,StartStop,EndStop,Distance,Outbound,RunningTime
RouteId,RouteVarId,RouteVarName,RouteVarShortName,RouteNo,StartStop,EndStop,Distance,Outbound,RunningTime
RouteId,RouteVarId,RouteVarName,RouteVarShortName,RouteNo,StartStop,EndStop,Distance,Outbound,RunningTime
RouteId,RouteVarId,RouteVarName,RouteVarShortName,RouteNo,StartStop,EndStop,Distance,Outbound,RunningTime
RouteId,RouteVarId,RouteVarName,RouteVarShortName,RouteNo,StartStop,EndStop,Distance,Outbound,RunningTime
RouteId,RouteVarId,RouteVarName,RouteVarShortName,RouteNo,StartStop,EndStop,Distance,Outbound,RunningTime
RouteId,RouteVarId,RouteVarName,RouteVarShortName,RouteNo,StartStop,EndStop,Distance,Outbound,RunningTime
RouteId,RouteVarId,RouteVarName,RouteVarShortName,RouteNo,StartStop,EndStop,Distance,Outbound,RunningTime
RouteId,RouteVarId,RouteVarName,RouteVarShortName,RouteNo,StartStop,EndStop,Distance,Outbound,RunningTime
RouteId,RouteVarId,RouteVarName,RouteVarShortName,RouteNo,StartStop,EndStop,Distance,Outbound,RunningTime
RouteId,RouteVarId,RouteVarName,RouteVarShortName,RouteNo,StartStop,EndStop,Distance,Outbound,RunningTime
RouteId,RouteVarId,RouteVarName,RouteVarShortName,RouteNo,StartStop,EndStop,Distance,Outbound,RunningTime
RouteId,RouteVarId,RouteVarName,RouteVarShortName,RouteNo,StartStop,EndStop,Distance,Outbound,RunningTime
RouteId,RouteVarId,RouteVarName,RouteVarShortName,RouteNo,StartStop,EndStop,Distance,Outbound,RunningTime
RouteId,RouteVarId,RouteVarName,RouteVarShortName,RouteNo,StartStop,EndStop,Distance,Outbound,RunningTime
RouteId,RouteVarId,RouteVarName,RouteVarShortName,RouteNo,StartStop,EndStop,Distance,Outbound,RunningTime
RouteId,RouteVarId,RouteVarName,RouteVarShortName,RouteNo,StartStop,EndStop,Distance,Outbound,RunningTime
RouteId,RouteVarId,RouteVarName,RouteVarShortName,RouteNo,StartStop,EndStop,Distance,Outbound,RunningTime
RouteId,RouteVarId,RouteVarName,RouteVarShortName,RouteNo,StartStop,EndStop,Distance,Outbound,RunningTime
RouteId,RouteVarId,RouteVarName,RouteVarShortName,RouteNo,StartStop,EndStop,Distance,Outbound,RunningTime
RouteId,RouteVarId,RouteVarName,RouteVarShortName,RouteNo,StartStop,EndStop,Distance,Outbound,RunningTime
RouteId,RouteVarId,RouteVarName,RouteVarShortName,RouteNo,StartStop,EndStop,Distance,Outbound,RunningTime
RouteId,RouteVarId,RouteVarName,RouteVarShortName,RouteNo,StartStop,EndStop,Distance,Outbound,RunningTime
RouteId,RouteVarId,RouteVarName,RouteVarShortName,RouteNo,StartStop,EndStop,Distance,Outbound,RunningTime
RouteId,RouteVarId,RouteVarName,RouteVarShortName,RouteNo,StartStop,EndStop,Distance,Outbound,RunningTime
RouteId,RouteVarId,RouteVarName,RouteVarShortName,RouteNo,StartStop,EndStop,Distance,Outbound,RunningTime
RouteId,RouteVarId,RouteVarName,RouteVarShortName,RouteNo,StartStop,EndStop,Distance,Outbound,RunningTime
RouteId,RouteVarId,RouteVarName,RouteVarShortName,RouteNo,StartStop,EndStop,Distance,Outbound,RunningTime
RouteId,RouteVarId,RouteVarName,RouteVarShortName,RouteNo,StartStop,EndStop,Distance,Outbound,RunningTime
RouteId,RouteVarId,RouteVarName,RouteVarShortName,RouteNo,StartStop,EndStop,Distance,Outbound,RunningTime
RouteId,RouteVarId,RouteVarName,RouteVarShortName,RouteNo,StartStop,EndStop,Distance,Outbound,RunningTime
RouteId,RouteVarId,RouteVarName,RouteVarShortName,RouteNo,StartStop,EndStop,Distance,Outbound,RunningTime
RouteId,RouteVarId,RouteVarName,RouteVarShortName,RouteNo,StartStop,EndStop,Distance,Outbound,RunningTime
RouteId,RouteVarId,RouteVarName,RouteVarShortName,RouteNo,StartStop,EndStop,Distance,Outbound,RunningTime
RouteId,RouteVarId,RouteVarName,RouteVarShortName,RouteNo,StartStop,EndStop,Distance,Outbound,RunningTime
RouteId,RouteVarId,RouteVarName,RouteVarShortName,RouteNo,StartStop,EndStop,Distance,Outbound,RunningTime
RouteId,RouteVarId,RouteVarName,RouteVarShortName,RouteNo,StartStop,EndStop,Distance,Outbound,RunningTime
RouteId,RouteVarId,RouteVarName,RouteVarShortName,RouteNo,StartStop,EndStop,Distance,Outbound,RunningTime
RouteId,RouteVarId,RouteVarName,RouteVarShortName,RouteNo,StartStop,EndStop,Distance,Outbound,RunningTime
RouteId,RouteVarId,RouteVarName,RouteVarShortName,RouteNo,StartStop,EndStop,Distance,Outbound,RunningTime
RouteId,RouteVarId,RouteVarName,RouteVarShortName,RouteNo,StartStop,EndStop,Distance,Outbound,RunningTime
RouteId,RouteVarId,RouteVarName,RouteVarShortName,RouteNo,StartStop,EndStop,Distance,Outbound,RunningTime
RouteId,RouteVarId,RouteVarName,RouteVarShortName,RouteNo,StartStop,EndStop,Distance,Outbound,RunningTime
RouteId,RouteVarId,RouteVarName,RouteVarShortName,RouteNo,StartStop,EndStop,Distance,Outbound,RunningTime
RouteId,RouteVarId,RouteVarName,RouteVarShortName,RouteNo,StartStop,EndStop,Distance,Outbound,RunningTime
RouteId,RouteVarId,RouteVarName,RouteVarShortName,RouteNo,StartStop,EndStop,Distance,Outbound,RunningTime
RouteId,RouteVarId,RouteVarName,RouteVarShortName,RouteNo,StartStop,EndStop,Distance,Outbound,RunningTime
RouteId,RouteVarId,RouteVarName,RouteVarShortName,RouteNo,StartStop,EndStop,Distance,Outbound,RunningTime
RouteId,RouteVarId,RouteVarName,RouteVarShortName,RouteNo,StartStop,EndStop,Distance,Outbound,RunningTime
RouteId,RouteVarId,RouteVarName,RouteVarShortName,RouteNo,StartStop,EndStop,Distance,Outbound,RunningTime
RouteId,RouteVarId,RouteVarName,RouteVarShortName,RouteNo,StartStop,EndStop,Distance,Outbound,RunningTime
RouteId,RouteVarId,RouteVarName,RouteVarShortName,RouteNo,StartStop,EndStop,Distance,Outbound,RunningTime
RouteId,RouteVarId,RouteVarName,RouteVarShortName,RouteNo,StartStop,EndStop,Distance,Outbound,RunningTime
RouteId,RouteVarId,RouteVarName,RouteVarShortName,RouteNo,StartStop,EndStop,Distance,Outbound,RunningTime
RouteId,RouteVarId,RouteVarName,RouteVarShortName,RouteNo,StartStop,EndStop,Distance,Outbound,RunningTime
RouteId,RouteVarId,RouteVarName,RouteVarShortName,RouteNo,StartStop,EndStop,Distance,Outbound,RunningTime
RouteId,RouteVarId,RouteVarName,RouteVarShortName,RouteNo,StartStop,EndStop,Distance,Outbound,RunningTime
RouteId,RouteVarId,RouteVarName,RouteVarShortName,RouteNo,StartStop,EndStop,Distance,Outbound,RunningTime
RouteId,RouteVarId,RouteVarName,RouteVarShortName,RouteNo,StartStop,EndStop,Distance,Outbound,RunningTime
RouteId,RouteVarId,RouteVarName,RouteVarShortName,RouteNo,StartStop,EndStop,Distance,Outbound,RunningTime
RouteId,RouteVarId,RouteVarName,RouteVarShortName,RouteNo,StartStop,EndStop,Distance,Outbound,RunningTime
RouteId,RouteVarId,RouteVarName,RouteVarShortName,RouteNo,StartStop,EndStop,Distance,Outbound,RunningTime
RouteId,RouteVarId,RouteVarName,RouteVarShortName,RouteNo,StartStop,EndStop,Distance,Outbound,RunningTime
RouteId,RouteVarId,RouteVarName,RouteVarShortName,RouteNo,StartStop,EndStop,Distance,Outbound,RunningTime
RouteId,RouteVarId,RouteVarName,RouteVarShortName,RouteNo,StartStop,EndStop,Distance,Outbound,RunningTime
RouteId,RouteVarId,RouteVarName,RouteVarShortName,RouteNo,StartStop,EndStop,Distance,Outbound,RunningTime
RouteId,RouteVarId,RouteVarName,RouteVarShortName,RouteNo,StartStop,EndStop,Distance,Outbound,RunningTime
RouteId,RouteVarId,RouteVarName,RouteVarShortName,RouteNo,StartStop,EndStop,Distance,Outbound,RunningTime
RouteId,RouteVarId,RouteVarName,RouteVarShortName,RouteNo,StartStop,EndStop,Distance,Outbound,RunningTime
RouteId,RouteVarId,RouteVarName,RouteVarShortName,RouteNo,StartStop,EndStop,Distance,Outbound,RunningTime
RouteId,RouteVarId,RouteVarName,RouteVarShortName,RouteNo,StartStop,EndStop,Distance,Outbound,RunningTime
RouteId,RouteVarId,RouteVarName,RouteVarShortName,RouteNo,StartStop,EndStop,Distance,Outbound,RunningTime
RouteId,RouteVarId,RouteVarName,RouteVarShortName,RouteNo,StartStop,EndStop,Distance,Outbound,RunningTime
RouteId,RouteVarId,RouteVarName,RouteVarShortName,RouteNo,StartStop,EndStop,Distance,Outbound,RunningTime
RouteId,RouteVarId,RouteVarName,RouteVarShortName,RouteNo,StartStop,EndStop,Distance,Outbound,RunningTime
RouteId,RouteVarId,RouteVarName,RouteVarShortName,RouteNo,StartStop,EndStop,Distance,Outbound,RunningTime
RouteId,RouteVarId,RouteVarName,RouteVarShortName,RouteNo,StartStop,EndStop,Distance,Outbound,RunningTime
RouteId,RouteVarId,RouteVarName,RouteVarShortName,RouteNo,StartStop,EndStop,Distance,Outbound,RunningTime
RouteId,RouteVarId,RouteVarName,RouteVarShortName,RouteNo,StartStop,EndStop,Distance,Outbound,RunningTime
RouteId,RouteVarId,RouteVarName,RouteVarShortName,RouteNo,StartStop,EndStop,Distance,Outbound,RunningTime
RouteId,RouteVarId,RouteVarName,RouteVarShortName,RouteNo,StartStop,EndStop,Distance,Outbound,RunningTime
RouteId,RouteVarId,RouteVarName,RouteVarShortName,RouteNo,StartStop,EndStop,Distance,Outbound,RunningTime
RouteId,RouteVarId,RouteVarName,RouteVarShortName,RouteNo,StartStop,EndStop,Distance,Outbound,RunningTime
RouteId,RouteVarId,RouteVarName,RouteVarShortName,RouteNo,StartStop,EndStop,Distance,Outbound,RunningTime
RouteId,RouteVarId,RouteVarName,RouteVarShortName,RouteNo,StartStop,EndStop,Distance,Outbound,RunningTime
RouteId,RouteVarId,RouteVarName,RouteVarShortName,RouteNo,StartStop,EndStop,Distance,Outbound,RunningTime
RouteId,RouteVarId,RouteVarName,RouteVarShortName,RouteNo,StartStop,EndStop,Distance,Outbound,RunningTime
RouteId,RouteVarId,RouteVarName,RouteVarShortName,RouteNo,StartStop,EndStop,Distance,Outbound,RunningTime
RouteId,RouteVarId,RouteVarName,RouteVarShortName,RouteNo,StartStop,EndStop,Distance,Outbound,RunningTime
RouteId,RouteVarId,RouteVarName,RouteVarShortName,RouteNo,StartStop,EndStop,Distance,Outbound,RunningTime
RouteId,RouteVarId,RouteVarName,RouteVarShortName,RouteNo,StartStop,EndStop,Distance,Outbound,RunningTime
RouteId,RouteVarId,RouteVarName,RouteVarShortName,RouteNo,StartStop,EndStop,Distance,Outbound,RunningTime
RouteId,RouteVarId,RouteVarName,RouteVarShortName,RouteNo,StartStop,EndStop,Distance,Outbound,RunningTime
RouteId,RouteVarId,RouteVarName,RouteVarShortName,RouteNo,StartStop,EndStop,Distance,Outbound,RunningTime
RouteId,RouteVarId,RouteVarName,RouteVarShortName,RouteNo,StartStop,EndStop,Distance,Outbound,RunningTime
RouteId,RouteVarId,RouteVarName,RouteVarShortName,RouteNo,StartStop,EndStop,Distance,Outbound,RunningTime
RouteId,RouteVarId,RouteVarName,RouteVarShortName,RouteNo,StartStop,EndStop,Distance,Outbound,RunningTime
RouteId,RouteVarId,RouteVarName,RouteVarShortName,RouteNo,StartStop,EndStop,Distance,Outbound,RunningTime
RouteId,RouteVarId,RouteVarName,RouteVarShortName,RouteNo,StartStop,EndStop,Distance,Outbound,RunningTime
RouteId,RouteVarId,RouteVarName,RouteVarShortName,RouteNo,StartStop,EndStop,Distance,Outbound,RunningTime
RouteId,RouteVarId,RouteVarName,RouteVarShortName,RouteNo,StartStop,EndStop,Distance,Outbound,RunningTime
RouteId,RouteVarId,RouteVarName,RouteVarShortName,RouteNo,StartStop,EndStop,Distance,Outbound,RunningTime
RouteId,RouteVarId,RouteVarName,RouteVarShortName,RouteNo,StartStop,EndStop,Distance,Outbound,RunningTime
RouteId,RouteVarId,RouteVarName,RouteVarShortName,RouteNo,StartStop,EndStop,Distance,Outbound,RunningTime
RouteId,RouteVarId,RouteVarName,RouteVarShortName,RouteNo,StartStop,EndStop,Distance,Outbound,RunningTime
RouteId,RouteVarId,RouteVarName,RouteVarShortName,RouteNo,StartStop,EndStop,Distance,Outbound,RunningTime
RouteId,RouteVarId,RouteVarName,RouteVarShortName,RouteNo,StartStop,EndStop,Distance,Outbound,RunningTime
RouteId,RouteVarId,RouteVarName,RouteVarShortName,RouteNo,StartStop,EndStop,Distance,Outbound,RunningTime
RouteId,RouteVarId,RouteVarName,RouteVarShortName,RouteNo,StartStop,EndStop,Distance,Outbound,RunningTime
RouteId,RouteVarId,RouteVarName,RouteVarShortName,RouteNo,StartStop,EndStop,Distance,Outbound,RunningTime
RouteId,RouteVarId,RouteVarName,RouteVarShortName,RouteNo,StartStop,EndStop,Distance,Outbound,RunningTime
RouteId,RouteVarId,RouteVarName,RouteVarShortName,RouteNo,StartStop,EndStop,Distance,Outbound,RunningTime
RouteId,RouteVarId,RouteVarName,RouteVarShortName,RouteNo,StartStop,EndStop,Distance,Outbound,RunningTime
RouteId,RouteVarId,RouteVarName,RouteVarShortName,RouteNo,StartStop,EndStop,Distance,Outbound,RunningTime
RouteId,RouteVarId,RouteVarName,RouteVarShortName,RouteNo,StartStop,EndStop,Distance,Outbound,RunningTime
RouteId,RouteVarId,RouteVarName,RouteVarShortName,RouteNo,StartStop,EndStop,Distance,Outbound,RunningTime
RouteId,RouteVarId,RouteVarName,RouteVarShortName,RouteNo,StartStop,EndStop,Distance,Outbound,RunningTime
RouteId,RouteVarId,RouteVarName,RouteVarShortName,RouteNo,StartStop,EndStop,Distance,Outbound,RunningTime
RouteId,RouteVarId,RouteVarName,RouteVarShortName,RouteNo,StartStop,EndStop,Distance,Outbound,RunningTime
RouteId,RouteVarId,RouteVarName,RouteVarShortName,RouteNo,StartStop,EndStop,Distance,Outbound,RunningTime
RouteId,RouteVarId,RouteVarName,RouteVarShortName,RouteNo,StartStop,EndStop,Distance,Outbound,RunningTime
RouteId,RouteVarId,RouteVarName,RouteVarShortName,RouteNo,StartStop,EndStop,Distance,Outbound,RunningTime
RouteId,RouteVarId,RouteVarName,RouteVarShortName,RouteNo,StartStop,EndStop,Distance,Outbound,RunningTime
RouteId,RouteVarId,RouteVarName,RouteVarShortName,RouteNo,StartStop,EndStop,Distance,Outbound,RunningTime
RouteId,RouteVarId,RouteVarName,RouteVarShortName,RouteNo,StartStop,EndStop,Distance,Outbound,RunningTime
RouteId,RouteVarId,RouteVarName,RouteVarShortName,RouteNo,StartStop,EndStop,Distance,Outbound,RunningTime
RouteId,RouteVarId,RouteVarName,RouteVarShortName,RouteNo,StartStop,EndStop,Distance,Outbound,RunningTime
RouteId,RouteVarId,RouteVarName,RouteVarShortName,RouteNo,StartStop,EndStop,Distance,Outbound,RunningTime
RouteId,RouteVarId,RouteVarName,RouteVarShortName,RouteNo,StartStop,EndStop,Distance,Outbound,RunningTime
RouteId,RouteVarId,RouteVarName,RouteVarShortName,RouteNo,StartStop,EndStop,Distance,Outbound,RunningTime
RouteId,RouteVarId,RouteVarName,RouteVarShortName,RouteNo,StartStop,EndStop,Distance,Outbound,RunningTime
RouteId,RouteVarId,RouteVarName,RouteVarShortName,RouteNo,StartStop,EndStop,Distance,Outbound,RunningTime
RouteId,RouteVarId,RouteVarName,RouteVarShortName,RouteNo,StartStop,EndStop,Distance,Outbound,RunningTime
RouteId,RouteVarId,RouteVarName,RouteVarShortName,RouteNo,StartStop,EndStop,Distance,Outbound,RunningTime
RouteId,RouteVarId,RouteVarName,RouteVarShortName,RouteNo,StartStop,EndStop,Distance,Outbound,RunningTime
RouteId,RouteVarId,RouteVarName,RouteVarShortName,RouteNo,StartStop,EndStop,Distance,Outbound,RunningTime
RouteId,RouteVarId,RouteVarName,RouteVarShortName,RouteNo,StartStop,EndStop,Distance,Outbound,RunningTime
RouteId,RouteVarId,RouteVarName,RouteVarShortName,RouteNo,StartStop,EndStop,Distance,Outbound,RunningTime
RouteId,RouteVarId,RouteVarName,RouteVarShortName,RouteNo,StartStop,EndStop,Distance,Outbound,RunningTime
RouteId,RouteVarId,RouteVarName,RouteVarShortName,RouteNo,StartStop,EndStop,Distance,Outbound,RunningTime
RouteId,RouteVarId,RouteVarName,RouteVarShortName,RouteNo,StartStop,EndStop,Distance,Outbound,RunningTime
RouteId,RouteVarId,RouteVarName,RouteVarShortName,RouteNo,StartStop,EndStop,Distance,Outbound,RunningTime
RouteId,RouteVarId,RouteVarName,RouteVarShortName,RouteNo,StartStop,EndStop,Distance,Outbound,RunningTime
RouteId,RouteVarId,RouteVarName,RouteVarShortName,RouteNo,StartStop,EndStop,Distance,Outbound,RunningTime
RouteId,RouteVarId,RouteVarName,RouteVarShortName,RouteNo,StartStop,EndStop,Distance,Outbound,RunningTime
RouteId,RouteVarId,RouteVarName,RouteVarShortName,RouteNo,StartStop,EndStop,Distance,Outbound,RunningTime
RouteId,RouteVarId,RouteVarName,RouteVarShortName,RouteNo,StartStop,EndStop,Distance,Outbound,RunningTime
RouteId,RouteVarId,RouteVarName,RouteVarShortName,RouteNo,StartStop,EndStop,Distance,Outbound,RunningTime
RouteId,RouteVarId,RouteVarName,RouteVarShortName,RouteNo,StartStop,EndStop,Distance,Outbound,RunningTime
RouteId,RouteVarId,RouteVarName,RouteVarShortName,RouteNo,StartStop,EndStop,Distance,Outbound,RunningTime
RouteId,RouteVarId,RouteVarName,RouteVarShortName,RouteNo,StartStop,EndStop,Distance,Outbound,RunningTime
RouteId,RouteVarId,RouteVarName,RouteVarShortName,RouteNo,StartStop,EndStop,Distance,Outbound,RunningTime
RouteId,RouteVarId,RouteVarName,RouteVarShortName,RouteNo,StartStop,EndStop,Distance,Outbound,RunningTime
RouteId,RouteVarId,RouteVarName,RouteVarShortName,RouteNo,StartStop,EndStop,Distance,Outbound,RunningTime
RouteId,RouteVarId,RouteVarName,RouteVarShortName,RouteNo,StartStop,EndStop,Distance,Outbound,RunningTime
RouteId,RouteVarId,RouteVarName,RouteVarShortName,RouteNo,StartStop,EndStop,Distance,Outbound,RunningTime
RouteId,RouteVarId,RouteVarName,RouteVarShortName,RouteNo,StartStop,EndStop,Distance,Outbound,RunningTime
RouteId,RouteVarId,RouteVarName,RouteVarShortName,RouteNo,StartStop,EndStop,Distance,Outbound,RunningTime
RouteId,RouteVarId,RouteVarName,RouteVarShortName,RouteNo,StartStop,EndStop,Distance,Outbound,RunningTime
RouteId,RouteVarId,RouteVarName,RouteVarShortName,RouteNo,StartStop,EndStop,Distance,Outbound,RunningTime
RouteId,RouteVarId,RouteVarName,RouteVarShortName,RouteNo,StartStop,EndStop,Distance,Outbound,RunningTime
RouteId,RouteVarId,RouteVarName,RouteVarShortName,RouteNo,StartStop,EndStop,Distance,Outbound,RunningTime
RouteId,RouteVarId,RouteVarName,RouteVarShortName,RouteNo,StartStop,EndStop,Distance,Outbound,RunningTime
RouteId,RouteVarId,RouteVarName,RouteVarShortName,RouteNo,StartStop,EndStop,Distance,Outbound,RunningTime
RouteId,RouteVarId,RouteVarName,RouteVarShortName,RouteNo,StartStop,EndStop,Distance,Outbound,RunningTime
RouteId,RouteVarId,RouteVarName,RouteVarShortName,RouteNo,StartStop,EndStop,Distance,Outbound,RunningTime
